[{"adult":"false","backdrop_path":"/hR2pFXMxVihldEk5WoSrV7Yq2ra.jpg","genre_ids":"9648,18,10765","id":"124364","origin_country":"US","original_language":"en","original_name":"From","overview":"Unravel the mystery of a nightmarish town in middle America that traps all those who enter. As the unwilling residents fight to keep a sense of normalcy and search for a way out, they must also survive the threats of the surrounding forest /u2013 including the terrifying creatures that come out when the sun goes down.","popularity":"1096.446","poster_path":"/pnrv8tfOcWxu4CrB8N7xK0jYJsR.jpg","first_air_date":"2022-02-20","name":"From","vote_average":"8.291","vote_count":"520","query":"adult=false&backdrop_path=%2FhR2pFXMxVihldEk5WoSrV7Yq2ra.jpg&genre_ids=9648%2C18%2C10765&id=124364&origin_country=US&original_language=en&original_name=From&overview=Unravel+the+mystery+of+a+nightmarish+town+in+middle+America+that+traps+all+those+who+enter.+As+the+unwilling+residents+fight+to+keep+a+sense+of+normalcy+and+search+for+a+way+out%2C+they+must+also+survive+the+threats+of+the+surrounding+forest+%E2%80%93+including+the+terrifying+creatures+that+come+out+when+the+sun+goes+down.&popularity=1096.446&poster_path=%2Fpnrv8tfOcWxu4CrB8N7xK0jYJsR.jpg&first_air_date=2022-02-20&name=From&vote_average=8.291&vote_count=520","user_mail":"chance.svinfotech@gmail.com","show_episodes_description":"The Hello","request-submit":"request","request_status":"old","defaultKey":"ef122746-18dd-11ee-8bbd-482ae38a39db"},{"adult":"false","backdrop_path":"/hR2pFXMxVihldEk5WoSrV7Yq2ra.jpg","genre_ids":"9648,18,10765","id":"124364","origin_country":"US","original_language":"en","original_name":"From","overview":"Unravel the mystery of a nightmarish town in middle America that traps all those who enter. As the unwilling residents fight to keep a sense of normalcy and search for a way out, they must also survive the threats of the surrounding forest /u2013 including the terrifying creatures that come out when the sun goes down.","popularity":"1096.446","poster_path":"/pnrv8tfOcWxu4CrB8N7xK0jYJsR.jpg","first_air_date":"2022-02-20","name":"From","vote_average":"8.291","vote_count":"520","query":"adult=false&backdrop_path=%2FhR2pFXMxVihldEk5WoSrV7Yq2ra.jpg&genre_ids=9648%2C18%2C10765&id=124364&origin_country=US&original_language=en&original_name=From&overview=Unravel+the+mystery+of+a+nightmarish+town+in+middle+America+that+traps+all+those+who+enter.+As+the+unwilling+residents+fight+to+keep+a+sense+of+normalcy+and+search+for+a+way+out%2C+they+must+also+survive+the+threats+of+the+surrounding+forest+%E2%80%93+including+the+terrifying+creatures+that+come+out+when+the+sun+goes+down.&popularity=1096.446&poster_path=%2Fpnrv8tfOcWxu4CrB8N7xK0jYJsR.jpg&first_air_date=2022-02-20&name=From&vote_average=8.291&vote_count=520","user_mail":"chance.svinfotech@gmail.com","show_episodes_description":"The Hello","request-submit":"request","request_status":"old","defaultKey":"9187baa4-18de-11ee-88e7-482ae38a39db"},{"adult":"false","backdrop_path":"/glTH5KKGu6XpsmWJPGsnjcEr5q0.jpg","genre_ids":"18,10765","id":"48860","origin_country":"US","original_language":"en","original_name":"The Tomorrow People","overview":"The story of several young people from around the world who represent the next stage in human evolution, possessing special powers, including the ability to teleport and communicate with each other telepathically. Together they work to defeat the forces of evil.","popularity":"16.013","poster_path":"/3EavFY6TuhDm4ERbDGrZ1oEqB57.jpg","first_air_date":"2013-10-09","name":"The Tomorrow People","vote_average":"7","vote_count":"288","query":"adult=false&backdrop_path=%2FglTH5KKGu6XpsmWJPGsnjcEr5q0.jpg&genre_ids=18%2C10765&id=48860&origin_country=US&original_language=en&original_name=The+Tomorrow+People&overview=The+story+of+several+young+people+from+around+the+world+who+represent+the+next+stage+in+human+evolution%2C+possessing+special+powers%2C+including+the+ability+to+teleport+and+communicate+with+each+other+telepathically.+Together+they+work+to+defeat+the+forces+of+evil.&popularity=16.013&poster_path=%2F3EavFY6TuhDm4ERbDGrZ1oEqB57.jpg&first_air_date=2013-10-09&name=The+Tomorrow+People&vote_average=7&vote_count=288","user_mail":"chance.svinfotech@gmail.com","show_episodes_description":"All episodes","request-submit":"request","request_status":"old","defaultKey":"07ef5192-18e5-11ee-8178-482ae38a39db"},{"adult":"false","backdrop_path":"/hTExot1sfn7dHZjGrk0Aiwpntxt.jpg","genre_ids":"10765,18,10759","id":"48866","origin_country":"US","original_language":"en","original_name":"The 100","overview":"100 years in the future, when the Earth has been abandoned due to radioactivity, the last surviving humans live on an ark orbiting the planet /u2014 but the ark won","popularity":"186.031","poster_path":"/wcaDIAG1QdXQLRaj4vC1EFdBT2.jpg","first_air_date":"2014-03-19","name":"The 100","vote_average":"7.913","vote_count":"7538","query":"adult=false&backdrop_path=%2FhTExot1sfn7dHZjGrk0Aiwpntxt.jpg&genre_ids=10765%2C18%2C10759&id=48866&origin_country=US&original_language=en&original_name=The+100&overview=100+years+in+the+future%2C+when+the+Earth+has+been+abandoned+due+to+radioactivity%2C+the+last+surviving+humans+live+on+an+ark+orbiting+the+planet+%E2%80%94+but+the+ark+won%27t+last+forever.+So+the+repressive+regime+picks+100+expendable+juvenile+delinquents+to+send+down+to+Earth+to+see+if+the+planet+is+still+habitable.&popularity=186.031&poster_path=%2FwcaDIAG1QdXQLRaj4vC1EFdBT2.jpg&first_air_date=2014-03-19&name=The+100&vote_average=7.913&vote_count=7538","user_mail":"chance.svinfotech@gmail.com","show_episodes_description":"All episodes","request-submit":"request","request_status":"old","defaultKey":"4660b25a-18e9-11ee-b903-482ae38a39db"},{"adult":"false","backdrop_path":"/138GLKdHorsdiG2pqHrIMw05Nc8.jpg","genre_ids":"9648,80","id":"227975","origin_country":"ZA","original_language":"en","original_name":"Fatal Seduction","overview":"A married professor is pulled into a passionate affair with a younger man that uncovers a path of tragedy and betrayal from those closest to her.","popularity":"54.106","poster_path":"/1REi7v1NmTxI8YODX7lwLF70zIs.jpg","first_air_date":"2023-07-07","name":"Fatal Seduction","vote_average":"5.8","vote_count":"4","query":"adult=false&backdrop_path=%2F138GLKdHorsdiG2pqHrIMw05Nc8.jpg&genre_ids=9648%2C80&id=227975&origin_country=ZA&original_language=en&original_name=Fatal+Seduction&overview=A+married+professor+is+pulled+into+a+passionate+affair+with+a+younger+man+that+uncovers+a+path+of+tragedy+and+betrayal+from+those+closest+to+her.&popularity=54.106&poster_path=%2F1REi7v1NmTxI8YODX7lwLF70zIs.jpg&first_air_date=2023-07-07&name=Fatal+Seduction&vote_average=5.8&vote_count=4","user_mail":"chance.svinfotech@gmail.com","show_episodes_description":"all episodes","request-submit":"request","request_status":"new","defaultKey":"3cec1380-1d72-11ee-8f2e-482ae38a39db"}]