[{"view_name":"Stream studios - movie -","view_url":"movie-stream","view_description":"Stream movie details","view_timestamp":"1687027175","view_role_access":"public","view_path_absolute":"C:/xampp/htdocs/eco.com/Views/movies/movies.details.view.php","view_path_relative":"Views/movies/movies.details.view.php","created":"2023-06-18 00:09:35"},{"view_name":"Stream studios tv show -","view_url":"view-tv-show","view_description":"Stream studios listing espisode","view_timestamp":"1687024210","view_role_access":"public","view_path_absolute":"C:/xampp/htdocs/eco.com/Views/shows/listing.esposides.view.php","view_path_relative":"Views/shows/listing.esposides.view.php","created":"2023-06-17 23:20:10"},{"view_name":"Stream studios -","view_url":"watch","view_description":"No description","view_timestamp":"1687019407","view_role_access":"public","view_path_absolute":"C:/xampp/htdocs/eco.com/Views/watching/watch.view.php","view_path_relative":"Views/watching/watch.view.php","created":"2023-06-17 22:00:07"},{"view_name":"Stream Studio | Movies","view_url":"movies","view_description":"Stream studio movies component","view_timestamp":"1687014884","view_role_access":"public","view_path_absolute":"C:/xampp/htdocs/eco.com/Views/movies/movies.view.php","view_path_relative":"Views/movies/movies.view.php","created":"2023-06-17 20:44:44"},{"view_name":"Stream studios | shows","view_url":"tv-shows","view_description":"Studio stream tv show component","view_timestamp":"1687012798","view_role_access":"public","view_path_absolute":"C:/xampp/htdocs/eco.com/Views/shows/tvshows.view.php","view_path_relative":"Views/shows/tvshows.view.php","created":"2023-06-17 20:09:58"},{"view_name":"Stream studios","view_url":"tags","view_description":"Studio tags eg Tv shows and Movies","view_timestamp":"1687012524","view_role_access":"public","view_path_absolute":"C:/xampp/htdocs/eco.com/Views/component/tags.view.php","view_path_relative":"Views/component/tags.view.php","created":"2023-06-17 20:05:24"},{"view_name":"Stream studios footer","view_url":"footer","view_description":"Eco footer section","view_timestamp":"1687012448","view_role_access":"public","view_path_absolute":"C:/xampp/htdocs/eco.com/Views/footer.view.php","view_path_relative":"Views/footer.view.php","created":"2023-06-17 20:04:08"},{"view_name":"Eco ","view_url":"nav","view_description":"Nav bar section","view_timestamp":"1686983317","view_role_access":"public","view_path_absolute":"C:/xampp/htdocs/eco.com/Views/nav.view.php","view_path_relative":"Views/nav.view.php","created":"2023-06-17 11:58:37"},{"view_name":"Stream studios","view_url":"index","view_description":"Eco Home page","view_timestamp":"1687012416","view_role_access":"public","view_path_absolute":"C:/xampp/htdocs/eco.com/Views/index.view.php","view_path_relative":"Views/index.view.php","created":"2023-06-17 20:03:36"},{"view_name":"Stream studios","view_url":"tags","view_description":"Studio tags eg Tv shows and Movies","view_timestamp":"1687012524","view_role_access":"public","view_path_absolute":"C:/xampp/htdocs/eco.com/Views/component/tags.view.php","view_path_relative":"Views/component/tags.view.php","created":"2023-06-17 20:05:24"},{"view_name":"Stream Form","view_url":"tm-form-add","view_description":"Form","view_timestamp":"1687617607","view_role_access":"moderator","view_path_absolute":"C:/xampp/htdocs/eco.com/Views/tm/clawlerform.view.php","view_path_relative":"Views/tm/clawlerform.view.php","created":"2023-06-24 20:10:07"},{"view_name":"Stream Studios | Discov","view_url":"discovery-movie","view_description":"Discovery stream","view_timestamp":"1687612160","view_role_access":"moderator","view_path_absolute":"C:/xampp/htdocs/eco.com/Views/tm/dicovery.view.php","view_path_relative":"Views/tm/dicovery.view.php","created":"2023-06-24 18:39:20"},{"view_name":"Stream Studios | Make Movie","view_url":"tmdb-search","view_description":"tmdb and stream studios","view_timestamp":"1687610858","view_role_access":"moderator","view_path_absolute":"C:/xampp/htdocs/eco.com/Views/tm/clawler.view.php","view_path_relative":"Views/tm/clawler.view.php","created":"2023-06-24 18:17:38"},{"view_name":"Movies Upload |Stream studios","view_url":"movie-movie-upload","view_description":"No description","view_timestamp":"1687537128","view_role_access":"moderator","view_path_absolute":"C:/xampp/htdocs/eco.com/Views/forms/movie.upload.view.php","view_path_relative":"Views/forms/movie.upload.view.php","created":"2023-06-23 21:48:48"},{"view_name":"Stream studios import","view_url":"admin-imports","view_description":"Imports","view_timestamp":"1687536634","view_role_access":"private","view_path_absolute":"C:/xampp/htdocs/eco.com/Views/system/imports.view.php","view_path_relative":"Views/system/imports.view.php","created":"2023-06-23 21:40:34"},{"view_name":"Stream studios | tv shows upload","view_url":"adding-shows","view_description":"Upload tv shows","view_timestamp":"1687070879","view_role_access":"moderator","view_path_absolute":"C:/xampp/htdocs/eco.com/Views/forms/tvshows.upload.view.php","view_path_relative":"Views/forms/tvshows.upload.view.php","created":"2023-06-18 12:17:59"},{"view_name":"Stream studios - movie -","view_url":"movie-stream","view_description":"Stream movie details","view_timestamp":"1687027175","view_role_access":"public","view_path_absolute":"C:/xampp/htdocs/eco.com/Views/movies/movies.details.view.php","view_path_relative":"Views/movies/movies.details.view.php","created":"2023-06-18 00:09:35"},{"view_name":"Stream studios tv show -","view_url":"view-tv-show","view_description":"Stream studios listing espisode","view_timestamp":"1687024210","view_role_access":"public","view_path_absolute":"C:/xampp/htdocs/eco.com/Views/shows/listing.esposides.view.php","view_path_relative":"Views/shows/listing.esposides.view.php","created":"2023-06-17 23:20:10"},{"view_name":"Stream studios -","view_url":"watch","view_description":"No description","view_timestamp":"1687019407","view_role_access":"public","view_path_absolute":"C:/xampp/htdocs/eco.com/Views/watching/watch.view.php","view_path_relative":"Views/watching/watch.view.php","created":"2023-06-17 22:00:07"},{"view_name":"Stream Studio | Movies","view_url":"movies","view_description":"Stream studio movies component","view_timestamp":"1687014884","view_role_access":"public","view_path_absolute":"C:/xampp/htdocs/eco.com/Views/movies/movies.view.php","view_path_relative":"Views/movies/movies.view.php","created":"2023-06-17 20:44:44"},{"view_name":"Stream studios | shows","view_url":"tv-shows","view_description":"Studio stream tv show component","view_timestamp":"1687012798","view_role_access":"public","view_path_absolute":"C:/xampp/htdocs/eco.com/Views/shows/tvshows.view.php","view_path_relative":"Views/shows/tvshows.view.php","created":"2023-06-17 20:09:58"},{"view_name":"Stream studios footer","view_url":"footer","view_description":"Eco footer section","view_timestamp":"1687012448","view_role_access":"public","view_path_absolute":"C:/xampp/htdocs/eco.com/Views/footer.view.php","view_path_relative":"Views/footer.view.php","created":"2023-06-17 20:04:08"},{"view_name":"Stream studios | Url Attaching","view_url":"url-tv-attachment","view_description":"Url","view_timestamp":"1687704246","view_role_access":"moderator","view_path_absolute":"C:/xampp/htdocs/eco.com/Views/updating/url.attach.view.php","view_path_relative":"Views/updating/url.attach.view.php","created":"2023-06-25 20:14:06"},{"view_name":"Stream studios | tv Save","view_url":"tm-tv-save","view_description":"Form","view_timestamp":"1687680776","view_role_access":"moderator","view_path_absolute":"C:/xampp/htdocs/eco.com/Views/tm/tv.save.view.form.php","view_path_relative":"Views/tm/tv.save.view.form.php","created":"2023-06-25 13:42:56"},{"view_name":"Stram studios | tv discover","view_url":"tv-discover","view_description":"Tv","view_timestamp":"1687680722","view_role_access":"moderator","view_path_absolute":"C:/xampp/htdocs/eco.com/Views/tm/tv.discover.view.php","view_path_relative":"Views/tm/tv.discover.view.php","created":"2023-06-25 13:42:02"},{"view_name":"Stream studios | block","view_url":"block","view_description":"Genre block","view_timestamp":"1687680293","view_role_access":"public","view_path_absolute":"C:/xampp/htdocs/eco.com/Views/blocks/genre.view.php","view_path_relative":"Views/blocks/genre.view.php","created":"2023-06-25 13:34:53"},{"view_name":"Stream Form","view_url":"tm-form-add","view_description":"Form","view_timestamp":"1687617607","view_role_access":"moderator","view_path_absolute":"C:/xampp/htdocs/eco.com/Views/tm/clawlerform.view.php","view_path_relative":"Views/tm/clawlerform.view.php","created":"2023-06-24 20:10:07"},{"view_name":"Stream Studios | Discov","view_url":"discovery-movie","view_description":"Discovery stream","view_timestamp":"1687612160","view_role_access":"moderator","view_path_absolute":"C:/xampp/htdocs/eco.com/Views/tm/dicovery.view.php","view_path_relative":"Views/tm/dicovery.view.php","created":"2023-06-24 18:39:20"},{"view_name":"Stream Studios | Make Movie","view_url":"tmdb-search","view_description":"tmdb and stream studios","view_timestamp":"1687610858","view_role_access":"moderator","view_path_absolute":"C:/xampp/htdocs/eco.com/Views/tm/clawler.view.php","view_path_relative":"Views/tm/clawler.view.php","created":"2023-06-24 18:17:38"},{"view_name":"Movies Upload |Stream studios","view_url":"movie-movie-upload","view_description":"No description","view_timestamp":"1687537128","view_role_access":"moderator","view_path_absolute":"C:/xampp/htdocs/eco.com/Views/forms/movie.upload.view.php","view_path_relative":"Views/forms/movie.upload.view.php","created":"2023-06-23 21:48:48"},{"view_name":"Stream studios import","view_url":"admin-imports","view_description":"Imports","view_timestamp":"1687536634","view_role_access":"private","view_path_absolute":"C:/xampp/htdocs/eco.com/Views/system/imports.view.php","view_path_relative":"Views/system/imports.view.php","created":"2023-06-23 21:40:34"},{"view_name":"Stream studios | tv shows upload","view_url":"adding-shows","view_description":"Upload tv shows","view_timestamp":"1687070879","view_role_access":"moderator","view_path_absolute":"C:/xampp/htdocs/eco.com/Views/forms/tvshows.upload.view.php","view_path_relative":"Views/forms/tvshows.upload.view.php","created":"2023-06-18 12:17:59"},{"view_name":"Stream studios - movie -","view_url":"movie-stream","view_description":"Stream movie details","view_timestamp":"1687027175","view_role_access":"public","view_path_absolute":"C:/xampp/htdocs/eco.com/Views/movies/movies.details.view.php","view_path_relative":"Views/movies/movies.details.view.php","created":"2023-06-18 00:09:35"},{"view_name":"Stream studios tv show -","view_url":"view-tv-show","view_description":"Stream studios listing espisode","view_timestamp":"1687024210","view_role_access":"public","view_path_absolute":"C:/xampp/htdocs/eco.com/Views/shows/listing.esposides.view.php","view_path_relative":"Views/shows/listing.esposides.view.php","created":"2023-06-17 23:20:10"},{"view_name":"Stream studios -","view_url":"watch","view_description":"No description","view_timestamp":"1687019407","view_role_access":"public","view_path_absolute":"C:/xampp/htdocs/eco.com/Views/watching/watch.view.php","view_path_relative":"Views/watching/watch.view.php","created":"2023-06-17 22:00:07"},{"view_name":"Stream Studio | Movies","view_url":"movies","view_description":"Stream studio movies component","view_timestamp":"1687014884","view_role_access":"public","view_path_absolute":"C:/xampp/htdocs/eco.com/Views/movies/movies.view.php","view_path_relative":"Views/movies/movies.view.php","created":"2023-06-17 20:44:44"},{"view_name":"Stream studios | shows","view_url":"tv-shows","view_description":"Studio stream tv show component","view_timestamp":"1687012798","view_role_access":"public","view_path_absolute":"C:/xampp/htdocs/eco.com/Views/shows/tvshows.view.php","view_path_relative":"Views/shows/tvshows.view.php","created":"2023-06-17 20:09:58"},{"view_name":"Stream studios","view_url":"tags","view_description":"Studio tags eg Tv shows and Movies","view_timestamp":"1687012524","view_role_access":"public","view_path_absolute":"C:/xampp/htdocs/eco.com/Views/component/tags.view.php","view_path_relative":"Views/component/tags.view.php","created":"2023-06-17 20:05:24"},{"view_name":"Stream studios footer","view_url":"footer","view_description":"Eco footer section","view_timestamp":"1687012448","view_role_access":"public","view_path_absolute":"C:/xampp/htdocs/eco.com/Views/footer.view.php","view_path_relative":"Views/footer.view.php","created":"2023-06-17 20:04:08"},{"view_name":"Stream studios","view_url":"index","view_description":"Eco Home page","view_timestamp":"1687012416","view_role_access":"public","view_path_absolute":"C:/xampp/htdocs/eco.com/Views/index.view.php","view_path_relative":"Views/index.view.php","created":"2023-06-17 20:03:36"},{"view_name":"Stream studios Movie Update all","view_url":"edit-all","view_description":"Update all","view_timestamp":"1687800196","view_role_access":"moderator","view_path_absolute":"C:/xampp/htdocs/eco.com/Views/updating/urlmovieall.attach.view.php","view_path_relative":"Views/updating/urlmovieall.attach.view.php","created":"2023-06-26 22:53:16"},{"view_name":"Stream studios |Change movie url","view_url":"change-movie-url","view_description":"Movie","view_timestamp":"1687791765","view_role_access":"moderator","view_path_absolute":"C:/xampp/htdocs/eco.com/Views/updating/urlmovie.attach.view.php","view_path_relative":"Views/updating/urlmovie.attach.view.php","created":"2023-06-26 20:32:45"},{"view_name":"Stream studios | Url Attaching","view_url":"url-tv-attachment","view_description":"Url","view_timestamp":"1687704246","view_role_access":"moderator","view_path_absolute":"C:/xampp/htdocs/eco.com/Views/updating/url.attach.view.php","view_path_relative":"Views/updating/url.attach.view.php","created":"2023-06-25 20:14:06"},{"view_name":"Stream studios | Episodes Card","view_url":"listing-card","view_description":"Episode card","view_timestamp":"1687888656","view_role_access":"public","view_path_absolute":"C:/xampp/htdocs/eco.com/Views/shows/episodes.card.view.php","view_path_relative":"Views/shows/episodes.card.view.php","created":"2023-06-27 23:27:36"},{"view_name":"Stream studio | Pager","view_url":"pager-stream-bottom","view_description":"No description","view_timestamp":"1687882446","view_role_access":"public","view_path_absolute":"C:/xampp/htdocs/eco.com/Views/system/pager.view.php","view_path_relative":"Views/system/pager.view.php","created":"2023-06-27 21:44:06"},{"view_name":"Menus","view_url":"moderate-view","view_description":"Menus","view_timestamp":"1687879922","view_role_access":"moderator","view_path_absolute":"C:/xampp/htdocs/eco.com/Views/config/menus.view.php","view_path_relative":"Views/config/menus.view.php","created":"2023-06-27 21:02:02"},{"view_name":"Stream studio | API KEY","view_url":"api-key","view_description":"API KEY view","view_timestamp":"1687879743","view_role_access":"moderator","view_path_absolute":"C:/xampp/htdocs/eco.com/Views/config/add.keys.view.php","view_path_relative":"Views/config/add.keys.view.php","created":"2023-06-27 20:59:03"},{"view_name":"Stream studios | individual Cards","view_url":"card","view_description":"Card","view_timestamp":"1687972304","view_role_access":"public","view_path_absolute":"C:/xampp/htdocs/eco.com/Views/show/cards.view.php","view_path_relative":"Views/show/cards.view.php","created":"2023-06-28 22:41:44"},{"view_name":"Stream studio | Send Request","view_url":"request-show-movie","view_description":"Request page","view_timestamp":"1687970637","view_role_access":"public","view_path_absolute":"C:/xampp/htdocs/eco.com/Views/request/request.page.view.php","view_path_relative":"Views/request/request.page.view.php","created":"2023-06-28 22:13:57"},{"view_name":"Stream studios | Individual Episodes","view_url":"individual-episodes","view_description":"Episodes individual","view_timestamp":"1687970556","view_role_access":"public","view_path_absolute":"C:/xampp/htdocs/eco.com/Views/show/individual.episodes.view.php","view_path_relative":"Views/show/individual.episodes.view.php","created":"2023-06-28 22:12:36"},{"view_name":"Stream studio | delete movie","view_url":"delete-movie","view_description":"Delete movie","view_timestamp":"1687967363","view_role_access":"moderator","view_path_absolute":"C:/xampp/htdocs/eco.com/Views/system/movie.delete.view.php","view_path_relative":"Views/system/movie.delete.view.php","created":"2023-06-28 21:19:23"},{"view_name":"Stream studios | Episodes Card","view_url":"listing-card","view_description":"Episode card","view_timestamp":"1687888656","view_role_access":"public","view_path_absolute":"C:/xampp/htdocs/eco.com/Views/shows/episodes.card.view.php","view_path_relative":"Views/shows/episodes.card.view.php","created":"2023-06-27 23:27:36"},{"view_name":"Stream studios | Result","view_url":"query-stream-search-result","view_description":"Result search","view_timestamp":"1688046627","view_role_access":"public","view_path_absolute":"C:/xampp/htdocs/eco.com/Views/search/searchresult.view.php","view_path_relative":"Views/search/searchresult.view.php","created":"2023-06-29 19:20:27"},{"view_name":"Sream | searchList","view_url":"stream-get-title","view_description":"Search","view_timestamp":"1688042981","view_role_access":"public","view_path_absolute":"C:/xampp/htdocs/eco.com/Views/search/search.view.php","view_path_relative":"Views/search/search.view.php","created":"2023-06-29 18:19:41"},{"view_name":"Stream studios | Requests","view_url":"display-all-request","view_description":"Request display","view_timestamp":"1688306659","view_role_access":"moderator","view_path_absolute":"C:/xampp/htdocs/eco.com/Views/request/display.view.php","view_path_relative":"Views/request/display.view.php","created":"2023-07-02 19:34:19"},{"view_name":"Stream studios | Privacy","view_url":"privacy","view_description":"Privacy","view_timestamp":"1688806985","view_role_access":"public","view_path_absolute":"C:/xampp/htdocs/eco.com/Views/policy/privacy.view.php","view_path_relative":"Views/policy/privacy.view.php","created":"2023-07-08 14:33:05"},{"view_name":"Stream studios | Terms And Condition","view_url":"terms-condition","view_description":"Terms","view_timestamp":"1688806934","view_role_access":"public","view_path_absolute":"C:/xampp/htdocs/eco.com/Views/policy/termsandcondition.view.php","view_path_relative":"Views/policy/termsandcondition.view.php","created":"2023-07-08 14:32:14"},{"view_name":"Stream studio | Copy Right","view_url":"copyright","view_description":"Copyright","view_timestamp":"1688806858","view_role_access":"public","view_path_absolute":"C:/xampp/htdocs/eco.com/Views/policy/cpoyright.view.php","view_path_relative":"Views/policy/cpoyright.view.php","created":"2023-07-08 14:30:58"},{"view_name":"Stream studios | imageCreation","view_url":"image-creation","view_description":"Image Creation","view_timestamp":"1688824768","view_role_access":"public","view_path_absolute":"C:/xampp/htdocs/eco.com/Views/cron/image_creation.view.php","view_path_relative":"Views/cron/image_creation.view.php","created":"2023-07-08 19:29:29"}]