[{"view_name":"View creation","view_url":"creating-view","view_path_absolute":"C:\/\/\/\/\/xampp\/\/\/\/\/htdocs\/\/\/\/\/developement\/\/\/\/\/Views\/\/\/\/\/DefaultViews\/\/\/\/\/create.view.php","view_path_relative":"\/\/\/\/\/Views\/\/\/\/\/DefaultViews\/\/\/\/\/create.view.php","view_timestamp":1674736349,"view_description":"view creation page view","view_role_access":"administrator"},{"view_name":"Profile","view_url":"profile","view_path_absolute":"C:\/\/\/\/\/xampp\/\/\/\/\/htdocs\/\/\/\/\/developement\/\/\/\/\/Views\/\/\/\/\/DefaultViews\/\/\/\/\/profile.view.php","view_path_relative":"\/\/\/\/\/Views\/\/\/\/\/DefaultViews\/\/\/\/\/profile.view.php","view_timestamp":1674750166,"view_description":"This is where user will be using to view they profile","view_role_access":"administrator"},{"view_name":"DOM manipulator view","view_url":"dom-manipulator","view_path_absolute":"C:\/\/\/\/\/xampp\/\/\/\/\/htdocs\/\/\/\/\/developement\/\/\/\/\/Views\/\/\/\/\/DefaultViews\/\/\/\/\/dom-maniputor.view.php","view_path_relative":"\/\/\/\/\/Views\/\/\/\/\/DefaultViews\/\/\/\/\/dom-maniputor.view.php","view_timestamp":1674751140,"view_description":"This will be recieving all XMLRequest calls and render respond data","view_role_access":"private"},{"view_name":"Listing views","view_url":"my-views","view_path_absolute":"C:\/\/\/\/\/xampp\/\/\/\/\/htdocs\/\/\/\/\/developement\/\/\/\/\/Views\/\/\/\/\/DefaultViews\/\/\/\/\/listing-views.views.php","view_path_relative":"\/\/\/\/\/Views\/\/\/\/\/DefaultViews\/\/\/\/\/listing-views.views.php","view_timestamp":1674753278,"view_description":"This view will be used to display all views registered in thesystem","view_role_access":"administrator"},{"view_name":"Registration","view_url":"registration","view_path_absolute":"C:\/\/\/\/\/xampp\/\/\/\/\/htdocs\/\/\/\/\/developement\/\/\/\/\/Views\/\/\/\/\/DefaultViews\/\/\/\/\/Registration.view.php","view_path_relative":"\/\/\/\/\/Views\/\/\/\/\/DefaultViews\/\/\/\/\/Registration.view.php","view_timestamp":1674843168,"view_description":"This page will be used to register users","view_role_access":"public"},{"view_name":"landing page","view_url":"landing","view_path_absolute":"C:\/\/\/\/\/xampp\/\/\/\/\/htdocs\/\/\/\/\/developement\/\/\/\/\/Views\/\/\/\/\/DefaultViews\/\/\/\/\/index.view.php","view_path_relative":"\/\/\/\/\/Views\/\/\/\/\/DefaultViews\/\/\/\/\/index.view.php","view_timestamp":1674989608,"view_description":"home page","view_role_access":"public"},{"view_name":"login page","view_url":"sign-in","view_path_absolute":"C:\/\/\/\/\/xampp\/\/\/\/\/htdocs\/\/\/\/\/developement\/\/\/\/\/Views\/\/\/\/\/DefaultViews\/\/\/\/\/signing.in.view.php","view_path_relative":"\/\/\/\/\/Views\/\/\/\/\/DefaultViews\/\/\/\/\/signing.in.view.php","view_timestamp":1674996943,"view_description":"For logging in user","view_role_access":"public"},{"view_name":"Installation page","view_url":"installation","view_path_absolute":"C:\/\/\/\/\/xampp\/\/\/\/\/htdocs\/\/\/\/\/developement\/\/\/\/\/Views\/\/\/\/\/DefaultViews\/\/\/\/\/intellation.view.php","view_path_relative":"\/\/\/\/\/Views\/\/\/\/\/DefaultViews\/\/\/\/\/intellation.view.php","view_timestamp":1675356090,"view_description":"This is only for installation","view_role_access":"public"},{"view_name":"Testing form","view_url":"tests","view_path_absolute":"C:\/\/\/\/\/xampp\/\/\/\/\/htdocs\/\/\/\/\/developement\/\/\/\/\/Views\/\/\/\/\/DefaultViews\/\/\/\/\/testingform.view.php","view_path_relative":"\/\/\/\/\/Views\/\/\/\/\/DefaultViews\/\/\/\/\/testingform.view.php","view_timestamp":1675426232,"view_description":"Form to test","view_role_access":"public"},{"view_name":"Page not found","view_url":"404","view_path_absolute":"C:\/\/\/\/\/xampp\/\/\/\/\/htdocs\/\/\/\/\/developement\/\/\/\/\/Views\/\/\/\/\/DefaultViews\/\/\/\/\/404.view.html","view_path_relative":"\/\/\/\/\/Views\/\/\/\/\/DefaultViews\/\/\/\/\/404.view.html","view_timestamp":1675700296,"view_description":"404 page to load when view requested to not found","view_role_access":"public"},{"view_name":"Server error","view_url":"500","view_path_absolute":"C:\/\/\/\/\/xampp\/\/\/\/\/htdocs\/\/\/\/\/developement\/\/\/\/\/Views\/\/\/\/\/DefaultViews\/\/\/\/\/500.view.html","view_path_relative":"\/\/\/\/\/Views\/\/\/\/\/DefaultViews\/\/\/\/\/500.view.html","view_timestamp":1675792025,"view_description":"For  server error response","view_role_access":"public"},{"view_name":"Address handler","view_url":"addressing-handler","view_path_absolute":"C:\/\/\/\/\/xampp\/\/\/\/\/htdocs\/\/\/\/\/developement\/\/\/\/\/Views\/\/\/\/\/DefaultViews\/\/\/\/\/addressing.view.php","view_path_relative":"\/\/\/\/\/Views\/\/\/\/\/DefaultViews\/\/\/\/\/addressing.view.php","view_timestamp":1676564849,"view_description":"Address handler for javascript","view_role_access":"public"},{"view_name":"People","view_url":"users","view_path_absolute":"C:\/\/\/\/\/xampp\/\/\/\/\/htdocs\/\/\/\/\/developement\/\/\/\/\/Views\/\/\/\/\/DefaultViews\/\/\/\/\/users.view.php","view_path_relative":"\/\/\/\/\/Views\/\/\/\/\/DefaultViews\/\/\/\/\/users.view.php","view_timestamp":1676705745,"view_description":"This is for users display","view_role_access":"administrator"},{"view_name":"User Command Api","view_url":"users-commands","view_path_absolute":"C:\/\/\/\/\/xampp\/\/\/\/\/htdocs\/\/\/\/\/developement\/\/\/\/\/Views\/\/\/\/\/DefaultViews\/\/\/\/\/users.commands.view.php","view_path_relative":"\/\/\/\/\/Views\/\/\/\/\/DefaultViews\/\/\/\/\/users.commands.view.php","view_timestamp":1676714828,"view_description":"This is for admin only","view_role_access":"private"},{"view_name":"Unathorized blocked","view_url":"401","view_path_absolute":"C:\/\/\/\/\/xampp\/\/\/\/\/htdocs\/\/\/\/\/developement\/\/\/\/\/Views\/\/\/\/\/DefaultViews\/\/\/\/\/401.view.html","view_path_relative":"\/\/\/\/\/Views\/\/\/\/\/DefaultViews\/\/\/\/\/401.view.html","view_timestamp":1677255882,"view_description":"This will be triggered by passing 401 to errorpage function","view_role_access":"public"},{"view_name":"Forbidden Account","view_url":"403","view_path_absolute":"C:\/\/\/\/\/xampp\/\/\/\/\/htdocs\/\/\/\/\/developement\/\/\/\/\/Views\/\/\/\/\/DefaultViews\/\/\/\/\/403.view.html","view_path_relative":"\/\/\/\/\/Views\/\/\/\/\/DefaultViews\/\/\/\/\/403.view.html","view_timestamp":1677260796,"view_description":"This is triggered only when page is requested by blocked user and only blocks private and moderate page","view_role_access":"public"},{"view_name":"Log out page","view_url":"sign-out","view_path_absolute":"C:\/\/\/\/\/xampp\/\/\/\/\/htdocs\/\/\/\/\/developement\/\/\/\/\/Views\/\/\/\/\/DefaultViews\/\/\/\/\/logout.view.php","view_path_relative":"\/\/\/\/\/Views\/\/\/\/\/DefaultViews\/\/\/\/\/logout.view.php","view_timestamp":1677864133,"view_description":"This is sign out page","view_role_access":"moderator"},{"view_name":"Forgot password","view_url":"reset-password","view_path_absolute":"C:\/\/\/\/\/xampp\/\/\/\/\/htdocs\/\/\/\/\/developement\/\/\/\/\/Views\/\/\/\/\/DefaultViews\/\/\/\/\/forgotpassword.view.php","view_path_relative":"\/\/\/\/\/Views\/\/\/\/\/DefaultViews\/\/\/\/\/forgotpassword.view.php","view_timestamp":1677864415,"view_description":"For changing passwords","view_role_access":"public"},{"view_name":"Error reporting","view_url":"errors","view_path_absolute":"C:\/\/\/\/\/xampp\/\/\/\/\/htdocs\/\/\/\/\/developement\/\/\/\/\/Views\/\/\/\/\/DefaultViews\/\/\/\/\/debug.view.php","view_path_relative":"\/\/\/\/\/Views\/\/\/\/\/DefaultViews\/\/\/\/\/debug.view.php","view_timestamp":1678532252,"view_description":"This is for displaying errors","view_role_access":"administrator"},{"view_name":"Views backup","view_url":"backup-views","view_path_absolute":"C:\/\/\/\/\/xampp\/\/\/\/\/htdocs\/\/\/\/\/developement\/\/\/\/\/Views\/\/\/\/\/DefaultViews\/\/\/\/\/createbackup.view.php","view_path_relative":"\/\/\/\/\/Views\/\/\/\/\/DefaultViews\/\/\/\/\/createbackup.view.php","view_timestamp":1678532870,"view_description":"For making backup of your views in case deleted","view_role_access":"private"},{"view_name":"Extend","view_url":"install","view_path_absolute":"C:\/\/\/\/\/xampp\/\/\/\/\/htdocs\/\/\/\/\/developement\/\/\/\/\/Views\/\/\/\/\/DefaultViews\/\/\/\/\/extend.view.php","view_path_relative":"\/\/\/\/\/Views\/\/\/\/\/DefaultViews\/\/\/\/\/extend.view.php","view_timestamp":1678532897,"view_description":"This is for extending with your custom php code","view_role_access":"private"},{"view_name":"Mail Configuration Form","view_url":"mail-configuration","view_path_absolute":"C:\/\/\/\/\/xampp\/\/\/\/\/htdocs\/\/\/\/\/developement\/\/\/\/\/Views\/\/\/\/\/DefaultViews\/\/\/\/\/mailing.confuguration.view.php","view_path_relative":"\/\/\/\/\/Views\/\/\/\/\/DefaultViews\/\/\/\/\/mailing.confuguration.view.php","view_timestamp":1678532939,"view_description":"This is form for inputting mail setting","view_role_access":"private"},{"view_name":"Error report details","view_url":"errorhandler","view_path_absolute":"C:\/\/\/\/\/xampp\/\/\/\/\/htdocs\/\/\/\/\/developement\/\/\/\/\/Views\/\/\/\/\/DefaultViews\/\/\/\/\/errors.details.view.php","view_path_relative":"\/\/\/\/\/Views\/\/\/\/\/DefaultViews\/\/\/\/\/errors.details.view.php","view_timestamp":1678557060,"view_description":"No description","view_role_access":"public"},{"view_name":"Searcher","view_url":"searching","view_path_absolute":"C:\/\/\/\/\/xampp\/\/\/\/\/htdocs\/\/\/\/\/developement\/\/\/\/\/Views\/\/\/\/\/DefaultViews\/\/\/\/\/searcher.view.php","view_path_relative":"\/\/\/\/\/Views\/\/\/\/\/DefaultViews\/\/\/\/\/searcher.view.php","view_timestamp":1679846254,"view_description":"This is searching view","view_role_access":"private"},{"view_name":"Search results |","view_url":"results","view_path_absolute":"C:\/\/\/\/\/xampp\/\/\/\/\/htdocs\/\/\/\/\/developement\/\/\/\/\/Views\/\/\/\/\/DefaultViews\/\/\/\/\/search.result.view.php","view_path_relative":"\/\/\/\/\/Views\/\/\/\/\/DefaultViews\/\/\/\/\/search.result.view.php","view_timestamp":1679933441,"view_description":"This is cities view","view_role_access":"private"},{"view_name":"Searcher reciever","view_url":"reciever","view_path_absolute":"C:\/\/\/\/\/xampp\/\/\/\/\/htdocs\/\/\/\/\/developement\/\/\/\/\/Views\/\/\/\/\/DefaultViews\/\/\/\/\/searching.rec.view.php","view_path_relative":"\/\/\/\/\/Views\/\/\/\/\/DefaultViews\/\/\/\/\/searching.rec.view.php","view_timestamp":1679933545,"view_description":"This is middler","view_role_access":"private"},{"view_name":"Home","view_url":"default","view_path_absolute":"C:\/\/\/\/\/xampp\/\/\/\/\/htdocs\/\/\/\/\/developement\/\/\/\/\/Views\/\/\/\/\/DefaultViews\/\/\/\/\/index.view.php","view_path_relative":"\/\/\/\/\/Views\/\/\/\/\/DefaultViews\/\/\/\/\/index.view.php","view_timestamp":1679121124,"view_description":"This is home page for testing","view_role_access":"public"},{"view_name":"Deleting view","view_url":"deleting-views","view_path_absolute":"C:\/\/\/\/\/xampp\/\/\/\/\/htdocs\/\/\/\/\/developement\/\/\/\/\/Views\/\/\/\/\/DefaultViews\/\/\/\/\/deleting_views.view.php","view_path_relative":"\/\/\/\/\/Views\/\/\/\/\/DefaultViews\/\/\/\/\/deleting_views.view.php","view_timestamp":1680021656,"view_description":"This  is for deleting views configuration","view_role_access":"private"},{"view_name":"Database","view_url":"database","view_path_absolute":"C:\/\/\/\/\/xampp\/\/\/\/\/htdocs\/\/\/\/\/developement\/\/\/\/\/Views\/\/\/\/\/DefaultViews\/\/\/\/\/database.view.php","view_path_relative":"\/\/\/\/\/Views\/\/\/\/\/DefaultViews\/\/\/\/\/database.view.php","view_timestamp":1680081679,"view_description":"This is for displaying database information","view_role_access":"administrator"},{"view_name":"Configuration view","view_url":"configuration-view","view_path_absolute":"C:\/\/\/\/\/xampp\/\/\/\/\/htdocs\/\/\/\/\/developement\/\/\/\/\/Views\/\/\/\/\/DefaultViews\/\/\/\/\/configurationform.view.php","view_path_relative":"\/\/\/\/\/Views\/\/\/\/\/DefaultViews\/\/\/\/\/configurationform.view.php","view_timestamp":1680200272,"view_description":"This is for view configuration","view_role_access":"private"},{"view_name":"Robot File","view_url":"robot","view_path_absolute":"C:\/\/\/\/\/xampp\/\/\/\/\/htdocs\/\/\/\/\/developement\/\/\/\/\/Views\/\/\/\/\/DefaultViews\/\/\/\/\/robot.view.php","view_path_relative":"\/\/\/\/\/Views\/\/\/\/\/DefaultViews\/\/\/\/\/robot.view.php","view_timestamp":1680413278,"view_description":"This is for view robot and add update robot file","view_role_access":"private"},{"view_name":"Meta editor","view_url":"metatags","view_path_absolute":"C:\/\/\/\/\/xampp\/\/\/\/\/htdocs\/\/\/\/\/developement\/\/\/\/\/Views\/\/\/\/\/DefaultViews\/\/\/\/\/metatags.view.php","view_path_relative":"\/\/\/\/\/Views\/\/\/\/\/DefaultViews\/\/\/\/\/metatags.view.php","view_timestamp":1680861315,"view_description":"This is for editing metatags","view_role_access":"private"},{"view_name":"Files Uploader","view_url":"uploader","view_path_absolute":"C:\/\/\/\/\/xampp\/\/\/\/\/htdocs\/\/\/\/\/developement\/\/\/\/\/Views\/\/\/\/\/DefaultViews\/\/\/\/\/uploader.view.php","view_path_relative":"\/\/\/\/\/Views\/\/\/\/\/DefaultViews\/\/\/\/\/uploader.view.php","view_timestamp":1680939267,"view_description":"This is for uploading files","view_role_access":"private"},{"view_name":"Creation of Content Type","view_url":"content-type-creation","view_path_absolute":"C:\/\/\/\/\/xampp\/\/\/\/\/htdocs\/\/\/\/\/developement\/\/\/\/\/Core\/\/\/\/\/DefaultViews\/\/\/\/\/contenttype.view.php","view_path_relative":"Core\/\/\/\/\/DefaultViews\/\/\/\/\/contenttype.view.php","view_timestamp":1681836314,"view_description":"This is for content creation mapper","view_role_access":"private"},{"view_name":"cont test","view_url":"cont-test","view_path_absolute":"C:\/\/\/\/\/xampp\/\/\/\/\/htdocs\/\/\/\/\/developement\/\/\/\/\/Views\/\/\/\/\/content.test.view.php","view_path_relative":"Views\/\/\/\/\/content.test.view.php","view_timestamp":1682007465,"view_description":"test cont","view_role_access":"public"},{"view_name":"Content Type callback listeners","view_url":"content-type-callbacks","view_path_absolute":"C:\/\/\/\/\/xampp\/\/\/\/\/htdocs\/\/\/\/\/developement\/\/\/\/\/Core\/\/\/\/\/DefaultViews\/\/\/\/\/callbacks.content.view.php","view_path_relative":"Core\/\/\/\/\/DefaultViews\/\/\/\/\/callbacks.content.view.php","view_timestamp":1682187113,"view_description":"This is only for  system purposes","view_role_access":"private"},{"view_name":"Post comment likes","view_url":"comment-event-handler","view_path_absolute":"C:\/\/\/\/\/xampp\/\/\/\/\/htdocs\/\/\/\/\/developement\/\/\/\/\/Core\/\/\/\/\/DefaultViews\/\/\/\/\/comment.likes.post.view.php","view_path_relative":"Core\/\/\/\/\/DefaultViews\/\/\/\/\/comment.likes.post.view.php","view_timestamp":1682248968,"view_description":"This just listiner for system only","view_role_access":"private"},{"view_name":"Post | Likes | Comment UI","view_url":"posting-comment-likes","view_path_absolute":"C:\/\/\/\/\/xampp\/\/\/\/\/htdocs\/\/\/\/\/developement\/\/\/\/\/Core\/\/\/\/\/DefaultViews\/\/\/\/\/post.likes.comment.template.view.php","view_path_relative":"Core\/\/\/\/\/DefaultViews\/\/\/\/\/post.likes.comment.template.view.php","view_timestamp":1682262995,"view_description":"This is view to help handling of post comments and likes","view_role_access":"moderator"},{"view_name":"Site Information Configuration","view_url":"site-information-configuration","view_path_absolute":"C:\/\/\/xampp\/\/\/htdocs\/\/\/developement\/\/\/Core\/\/\/DefaultViews\/\/\/siteinformation.view.php","view_path_relative":"Core\/\/\/DefaultViews\/\/\/siteinformation.view.php","view_timestamp":1682435802,"view_description":"This is for Configuring site information like site logo, site name, site slogan etc","view_role_access":"administrator"},{"view_name":"Json Test view","view_url":"json","view_path_absolute":"C:\/\/\/xampp\/\/\/htdocs\/\/\/developement\/\/\/Views\/\/\/json.view.php","view_path_relative":"Views\/\/\/json.view.php","view_timestamp":1682837066,"view_description":"This is json test","view_role_access":"public"},{"view_name":"Production Routes","view_url":"production","view_path_absolute":"C:\/\/\/xampp\/\/\/htdocs\/\/\/developement\/\/\/Core\/\/\/DefaultViews\/\/\/production.view.php","view_path_relative":"Core\/\/\/DefaultViews\/\/\/production.view.php","view_timestamp":1682856605,"view_description":"This is for sitting up production route to be in install on production installation","view_role_access":"private"},{"view_name":"Content","view_url":"content-table","view_path_absolute":"C:\/xampp\/htdocs\/developement\/Core\/DefaultViews\/content.table.view.php","view_path_relative":"Core\/DefaultViews\/content.table.view.php","view_timestamp":1683373932,"view_description":"Show contents","view_role_access":"private"},{"view_name":"Sitemap Creator","view_url":"site-map","view_path_absolute":"C:\/xampp\/htdocs\/developement\/Core\/DefaultViews\/site.map.view.php","view_path_relative":"Core\/DefaultViews\/site.map.view.php","view_timestamp":1683647686,"view_description":"Site map","view_role_access":"private"},{"view_name":"Edit Content","view_url":"content-content-edit","view_path_absolute":"C:\/xampp\/htdocs\/developement\/Core\/DefaultViews\/content.content.edit.view.php","view_path_relative":"Core\/DefaultViews\/content.content.edit.view.php","view_timestamp":1683978686,"view_description":"Editing content action","view_role_access":"private"},{"view_name":"Poster","view_url":"poster-view","view_path_absolute":"C:\/xampp\/htdocs\/developement\/Core\/DefaultViews\/poster.view.php","view_path_relative":"Core\/DefaultViews\/poster.view.php","view_timestamp":1683988334,"view_description":"This is for posters profile views","view_role_access":"private"},{"view_name":"ok","view_url":"okay","view_path_absolute":"C:\/xampp\/htdocs\/developement\/Views\/ok\/ok.view.php","view_path_relative":"Views\/ok\/ok.view.php","view_timestamp":1684086203,"view_description":"okkkkk","view_role_access":"public"},{"view_name":"Stream studios | tv shows upload","view_url":"adding-shows","view_path_absolute":"C:\/xampp\/htdocs\/eco.com\/Views\/forms\/tvshows.upload.view.php","view_path_relative":"Views\/forms\/tvshows.upload.view.php","view_timestamp":1687070879,"view_description":"Upload tv shows","view_role_access":"moderator"},{"view_name":"Stream studios import","view_url":"admin-imports","view_path_absolute":"C:\/xampp\/htdocs\/eco.com\/Views\/system\/imports.view.php","view_path_relative":"Views\/system\/imports.view.php","view_timestamp":1687536634,"view_description":"Imports","view_role_access":"private"},{"view_name":"Movies Upload |Stream studios","view_url":"movie-movie-upload","view_path_absolute":"C:\/xampp\/htdocs\/eco.com\/Views\/f","view_path_relative":"Views\/f","view_timestamp":1687537053,"view_description":"No description","view_role_access":"public"},{"view_name":"Stream Studios | Make Movie","view_url":"tmdb-search","view_path_absolute":"C:\/xampp\/htdocs\/eco.com\/Views\/tm\/clawler.view.php","view_path_relative":"Views\/tm\/clawler.view.php","view_timestamp":1687610858,"view_description":"tmdb and stream studios","view_role_access":"moderator"},{"view_name":"Stream Studios | Discov","view_url":"discovery-movie","view_path_absolute":"C:\/xampp\/htdocs\/eco.com\/Views\/tm\/dicovery.view.php","view_path_relative":"Views\/tm\/dicovery.view.php","view_timestamp":1687612160,"view_description":"Discovery stream","view_role_access":"moderator"},{"view_name":"Stream Form","view_url":"tm-form-add","view_path_absolute":"C:\/xampp\/htdocs\/eco.com\/Views\/tm\/clawlerform.view.php","view_path_relative":"Views\/tm\/clawlerform.view.php","view_timestamp":1687617607,"view_description":"Form","view_role_access":"moderator"},{"view_name":"Stream studios | block","view_url":"block","view_path_absolute":"C:\/xampp\/htdocs\/eco.com\/Views\/blocks\/genre.view.php","view_path_relative":"Views\/blocks\/genre.view.php","view_timestamp":1687680293,"view_description":"Genre block","view_role_access":"public"},{"view_name":"Stram studios | tv discover","view_url":"tv-discover","view_path_absolute":"C:\/xampp\/htdocs\/eco.com\/Views\/tm\/tv.discover.view.php","view_path_relative":"Views\/tm\/tv.discover.view.php","view_timestamp":1687680722,"view_description":"Tv","view_role_access":"moderator"},{"view_name":"Stream studios | tv Save","view_url":"tm-tv-save","view_path_absolute":"C:\/xampp\/htdocs\/eco.com\/Views\/tm\/tv.save.view.form.php","view_path_relative":"Views\/tm\/tv.save.view.form.php","view_timestamp":1687680776,"view_description":"Form","view_role_access":"moderator"},{"view_name":"Stream studios | Url Attaching","view_url":"url-tv-attachment","view_path_absolute":"C:\/xampp\/htdocs\/eco.com\/Views\/updating\/url.attach.view.php","view_path_relative":"Views\/updating\/url.attach.view.php","view_timestamp":1687704246,"view_description":"Url","view_role_access":"moderator"},{"view_name":"Stream studios |Change movie url","view_url":"change-movie-url","view_path_absolute":"C:\/xampp\/htdocs\/eco.com\/Views\/updating\/urlmovie.attach.view.php","view_path_relative":"Views\/updating\/urlmovie.attach.view.php","view_timestamp":1687791765,"view_description":"Movie","view_role_access":"moderator"},{"view_name":"Stream studios Movie Update all","view_url":"edit-all","view_path_absolute":"C:\/xampp\/htdocs\/eco.com\/Views\/updating\/urlmovieall.attach.view.php","view_path_relative":"Views\/updating\/urlmovieall.attach.view.php","view_timestamp":1687800196,"view_description":"Update all","view_role_access":"moderator"},{"view_name":"Stream studio | API KEY","view_url":"api-key","view_path_absolute":"C:\/xampp\/htdocs\/eco.com\/Views\/config\/add.keys.view.php","view_path_relative":"Views\/config\/add.keys.view.php","view_timestamp":1687879743,"view_description":"API KEY view","view_role_access":"moderator"},{"view_name":"Menus","view_url":"moderate-view","view_path_absolute":"C:\/xampp\/htdocs\/eco.com\/Views\/config\/menus.view.php","view_path_relative":"Views\/config\/menus.view.php","view_timestamp":1687879922,"view_description":"Menus","view_role_access":"moderator"},{"view_name":"Stream studio | Pager","view_url":"pager-stream-bottom","view_path_absolute":"C:\/xampp\/htdocs\/eco.com\/Views\/sy","view_path_relative":"Views\/sy","view_timestamp":1687882415,"view_description":"No description","view_role_access":"public"},{"view_name":"Stream studios | Episodes Card","view_url":"listing-card","view_path_absolute":"C:\/xampp\/htdocs\/eco.com\/Views\/shows\/episodes.card.view.php","view_path_relative":"Views\/shows\/episodes.card.view.php","view_timestamp":1687888656,"view_description":"Episode card","view_role_access":"public"},{"view_name":"Stream studio | delete movie","view_url":"delete-movie","view_path_absolute":"C:\/xampp\/htdocs\/eco.com\/Views\/system\/movie.delete.view.php","view_path_relative":"Views\/system\/movie.delete.view.php","view_timestamp":1687967363,"view_description":"Delete movie","view_role_access":"moderator"},{"view_name":"Stream studios | Individual Episodes","view_url":"individual-episodes","view_path_absolute":"C:\/xampp\/htdocs\/eco.com\/Views\/show\/individual.episodes.view.php","view_path_relative":"Views\/show\/individual.episodes.view.php","view_timestamp":1687970556,"view_description":"Episodes individual","view_role_access":"public"},{"view_name":"Stream studio | Send Request","view_url":"request-show-movie","view_path_absolute":"C:\/xampp\/htdocs\/eco.com\/Views\/request\/request.page.view.php","view_path_relative":"Views\/request\/request.page.view.php","view_timestamp":1687970637,"view_description":"Request page","view_role_access":"public"},{"view_name":"Stream studios | individual Cards","view_url":"card","view_path_absolute":"C:\/xampp\/htdocs\/eco.com\/Views\/show\/cards.view.php","view_path_relative":"Views\/show\/cards.view.php","view_timestamp":1687972304,"view_description":"Card","view_role_access":"public"},{"view_name":"Sream | searchList","view_url":"stream-get-title","view_path_absolute":"C:\/xampp\/htdocs\/eco.com\/Views\/search\/search.view.php","view_path_relative":"Views\/search\/search.view.php","view_timestamp":1688042981,"view_description":"Search","view_role_access":"public"},{"view_name":"Stream studios | Result","view_url":"query-stream-search-result","view_path_absolute":"C:\/xampp\/htdocs\/eco.com\/Views\/search\/searchresult.view.php","view_path_relative":"Views\/search\/searchresult.view.php","view_timestamp":1688046627,"view_description":"Result search","view_role_access":"public"},{"view_name":"Stream studios | Config","view_url":"config-config-api","view_path_absolute":"C:\/xampp\/htdocs\/eco.com\/Views\/config\/config.savechanges.view.php","view_path_relative":"Views\/config\/config.savechanges.view.php","view_timestamp":1688108626,"view_description":"API","view_role_access":"moderator"},{"view_name":"Stream studios | Requests","view_url":"display-all-request","view_path_absolute":"C:\/xampp\/htdocs\/eco.com\/Views\/request\/display.view.php","view_path_relative":"Views\/request\/display.view.php","view_timestamp":1688306659,"view_description":"Request display","view_role_access":"moderator"},{"view_name":"Stream studio | Copy Right","view_url":"copyright","view_path_absolute":"C:\/xampp\/htdocs\/eco.com\/Views\/policy\/cpoyright.view.php","view_path_relative":"Views\/policy\/cpoyright.view.php","view_timestamp":1688806858,"view_description":"Copyright","view_role_access":"public"},{"view_name":"Stream studios | Terms And Condition","view_url":"terms-condition","view_path_absolute":"C:\/xampp\/htdocs\/eco.com\/Views\/policy\/termsandcondition.view.php","view_path_relative":"Views\/policy\/termsandcondition.view.php","view_timestamp":1688806934,"view_description":"Terms","view_role_access":"public"},{"view_name":"Stream studios | Privacy","view_url":"privacy","view_path_absolute":"C:\/xampp\/htdocs\/eco.com\/Views\/policy\/privacy.view.php","view_path_relative":"Views\/policy\/privacy.view.php","view_timestamp":1688806985,"view_description":"Privacy","view_role_access":"public"},{"view_name":"Stream studios | imageCreation","view_url":"image-creation","view_path_absolute":"C:\/xampp\/htdocs\/eco.com\/Views\/cron\/image_creation.view.php","view_path_relative":"Views\/cron\/image_creation.view.php","view_timestamp":1688824768,"view_description":"Image Creation","view_role_access":"public"}]