[{"adult":"false","backdrop_path":"/sJDBJxKWG7h3VpG6jc9Mm9bw4kG.jpg","genre_ids":"28,12,53","id":"138103","original_language":"en","original_title":"The Expendables 3","overview":"Barney, Christmas and the rest of the team comes face-to-face with Conrad Stonebanks, who years ago co-founded The Expendables with Barney. Stonebanks subsequently became a ruthless arms trader and someone who Barney was forced to kill/u2026 or so he thought. Stonebanks, who eluded death once before, now is making it his mission to end The Expendables -- but Barney has other plans. Barney decides that he has to fight old blood with new blood, and brings in a new era of Expendables team members, recruiting individuals who are younger, faster and more tech-savvy. The latest mission becomes a clash of classic old-school style versus high-tech expertise in the Expendables/u2019 most personal battle yet.","popularity":"50.068","poster_path":"/d63qz4XeNtbpDC5c70AlSUIbnTQ.jpg","release_date":"2014-08-07","title":"The Expendables 3","video":"false","vote_average":"6.22","vote_count":"4491","query":"adult=false&backdrop_path=%2FsJDBJxKWG7h3VpG6jc9Mm9bw4kG.jpg&genre_ids=28%2C12%2C53&id=138103&original_language=en&original_title=The+Expendables+3&overview=Barney%2C+Christmas+and+the+rest+of+the+team+comes+face-to-face+with+Conrad+Stonebanks%2C+who+years+ago+co-founded+The+Expendables+with+Barney.+Stonebanks+subsequently+became+a+ruthless+arms+trader+and+someone+who+Barney+was+forced+to+kill%E2%80%A6+or+so+he+thought.+Stonebanks%2C+who+eluded+death+once+before%2C+now+is+making+it+his+mission+to+end+The+Expendables+--+but+Barney+has+other+plans.+Barney+decides+that+he+has+to+fight+old+blood+with+new+blood%2C+and+brings+in+a+new+era+of+Expendables+team+members%2C+recruiting+individuals+who+are+younger%2C+faster+and+more+tech-savvy.+The+latest+mission+becomes+a+clash+of+classic+old-school+style+versus+high-tech+expertise+in+the+Expendables%E2%80%99+most+personal+battle+yet.&popularity=50.068&poster_path=%2Fd63qz4XeNtbpDC5c70AlSUIbnTQ.jpg&release_date=2014-08-07&title=The+Expendables+3&video=false&vote_average=6.22&vote_count=4491","user_mail":"chance.svinfotech@gmail.com","show_episodes_description":"","request-submit":"request","request_status":"old","defaultKey":"369f99c0-18e0-11ee-b149-482ae38a39db"},{"adult":"false","backdrop_path":"/vjzHGQ8U6g88LU5rNTeAznfjM2C.jpg","genre_ids":"12,28","id":"39854","original_language":"cn","original_title":"/u7687/u5bb6/u5e2b/u59d0IV/u76f4/u64ca/u8b49/u4eba","overview":"Two detectives who are up to their necks in trouble and in each other","popularity":"8.488","poster_path":"/w3IqNotgwl8RRS17P50xCOB9EEB.jpg","release_date":"1989-07-21","title":"In the Line of Duty 4","video":"false","vote_average":"6.8","vote_count":"39","query":"adult=false&backdrop_path=%2FvjzHGQ8U6g88LU5rNTeAznfjM2C.jpg&genre_ids=12%2C28&id=39854&original_language=cn&original_title=%E7%9A%87%E5%AE%B6%E5%B8%AB%E5%A7%90IV%E7%9B%B4%E6%93%8A%E8%AD%89%E4%BA%BA&overview=Two+detectives+who+are+up+to+their+necks+in+trouble+and+in+each+other%27s+face%2C+as+they+try+to+shut+down+a+drug-trafficking+scheme+that+could+be+connected+with+international+ties+to+organized+crime.+But+in+the+midst+of+their+investigation%2C+innocent+immigrant+dock+worker+Luk+Wan-Ting+gets+caught+up+in+the+mix+when+he+witnesses+the+murder+of+an+intelligence+operative+and+is+framed+for+the+crime.&popularity=8.488&poster_path=%2Fw3IqNotgwl8RRS17P50xCOB9EEB.jpg&release_date=1989-07-21&title=In+the+Line+of+Duty+4&video=false&vote_average=6.8&vote_count=39","user_mail":"chance.svinfotech@gmail.com","show_episodes_description":"","request-submit":"request","request_status":"old","defaultKey":"6c573f1a-18e9-11ee-99df-482ae38a39db"},{"adult":"false","backdrop_path":"/qiBILuWhv7ipF0pxiEqIJdkQzj8.jpg","genre_ids":"28,18,9648,53","id":"2503","original_language":"en","original_title":"The Bourne Ultimatum","overview":"Bourne is brought out of hiding once again by reporter Simon Ross who is trying to unveil Operation Blackbriar, an upgrade to Project Treadstone, in a series of newspaper columns. Information from the reporter stirs a new set of memories, and Bourne must finally uncover his dark past while dodging The Company","popularity":"25.263","poster_path":"/15rMz5MRXFp7CP4VxhjYw4y0FUn.jpg","release_date":"2007-08-03","title":"The Bourne Ultimatum","video":"false","vote_average":"7.419","vote_count":"6974","query":"adult=false&backdrop_path=%2FqiBILuWhv7ipF0pxiEqIJdkQzj8.jpg&genre_ids=28%2C18%2C9648%2C53&id=2503&original_language=en&original_title=The+Bourne+Ultimatum&overview=Bourne+is+brought+out+of+hiding+once+again+by+reporter+Simon+Ross+who+is+trying+to+unveil+Operation+Blackbriar%2C+an+upgrade+to+Project+Treadstone%2C+in+a+series+of+newspaper+columns.+Information+from+the+reporter+stirs+a+new+set+of+memories%2C+and+Bourne+must+finally+uncover+his+dark+past+while+dodging+The+Company%27s+best+efforts+to+eradicate+him.&popularity=25.263&poster_path=%2F15rMz5MRXFp7CP4VxhjYw4y0FUn.jpg&release_date=2007-08-03&title=The+Bourne+Ultimatum&video=false&vote_average=7.419&vote_count=6974","user_mail":"chance.svinfotech@gmail.com","show_episodes_description":"","request-submit":"request","request_status":"old","defaultKey":"920bb228-19ba-11ee-ae35-482ae38a39db"}]